,date,open,high,low,close,volume,RSI,new_close,slope_ema20,slope_sma20,slope_ema7,ema7,ema20,ema50,ema100,ema200,ubb,sma20,lbb,trend
0,2022-08-29 09:15:00+05:30,38111.6,38224.9,37944.25,38185.8,0,,0.4312988021750098,,,,,,,,,,,,u
1,2022-08-29 09:30:00+05:30,38182.0,38290.65,38164.3,38285.95,0,,4.525571317607504,,,,,,,,,,,,u
2,2022-08-29 09:45:00+05:30,38282.95,38360.6,38252.6,38346.8,0,,7.013204693185193,,,,,,,,,,,,u
3,2022-08-29 10:00:00+05:30,38345.95,38394.35,38321.45,38347.2,0,,7.029557254404857,,,,,,,,,,,,u
4,2022-08-29 10:15:00+05:30,38345.95,38372.1,38289.85,38322.8,0,,6.032051019991129,,,,,,,,,,,,u
5,2022-08-29 10:30:00+05:30,38322.55,38344.2,38232.1,38258.1,0,,3.387024242671951,,,,,,,,,,,,u
6,2022-08-29 10:45:00+05:30,38257.55,38272.7,38211.1,38232.7,0,,2.3486366052081733,,,,38283.0,,,,,,,,u
7,2022-08-29 11:00:00+05:30,38230.55,38278.1,38161.45,38175.25,0,,0.0,,,-48.0,38256.0,,,,,,,,u
8,2022-08-29 11:15:00+05:30,38172.65,38300.2,38160.6,38238.65,0,,2.59188095335438,,,-11.0,38252.0,,,,,,,,u
9,2022-08-29 11:30:00+05:30,38238.9,38302.7,38236.8,38255.8,0,,3.2929970156576984,,,6.0,38253.0,,,,,,,,u
10,2022-08-29 11:45:00+05:30,38255.55,38281.15,38237.25,38276.35,0,,4.133109848329938,,,11.0,38259.0,,,,,,,,u
11,2022-08-29 12:00:00+05:30,38277.4,38300.2,38248.9,38273.05,0,,3.9982012182659323,,,11.0,38262.0,,,,,,,,u
12,2022-08-29 12:15:00+05:30,38273.2,38330.9,38268.85,38326.35,0,,6.177180000817573,,,31.0,38278.0,,,,,,,,u
13,2022-08-29 12:30:00+05:30,38327.55,38379.2,38274.6,38279.65,0,,4.26801847839424,,,-0.0,38279.0,,,,,,,,u
14,2022-08-29 12:45:00+05:30,38277.6,38296.7,38215.8,38262.6,0,56.9,3.570990556395838,,,-6.0,38275.0,,,,,,,,u
15,2022-08-29 13:00:00+05:30,38259.95,38306.7,38232.7,38259.4,0,56.6,3.4401700666367483,,,-11.0,38271.0,,,,,,,,u
16,2022-08-29 13:15:00+05:30,38258.55,38331.6,38257.55,38294.15,0,59.5,4.860798822615655,,,11.0,38277.0,,,,,,,,u
17,2022-08-29 13:30:00+05:30,38291.0,38347.9,38250.6,38312.85,0,61.0,5.6252810596459115,,,22.0,38286.0,,,,,,,,u
18,2022-08-29 13:45:00+05:30,38312.6,38361.85,38284.1,38297.15,0,59.0,4.983443031764913,,,6.0,38289.0,,,,,,,,u
19,2022-08-29 14:00:00+05:30,38299.85,38342.85,38258.05,38332.75,0,62.1,6.438820980336049,,,27.0,38300.0,38278.0,,,,38370.8,38278.2,38185.5,u
20,2022-08-29 14:15:00+05:30,38332.35,38348.2,38274.4,38278.85,0,55.4,4.235313355954319,-0.0,11.0,-11.0,38294.0,38278.0,,,,38365.2,38282.8,38200.4,s
21,2022-08-29 14:30:00+05:30,38280.95,38315.9,38222.8,38312.1,0,58.3,5.594620007358596,6.0,6.0,11.0,38299.0,38281.0,,,,38367.5,38284.1,38200.7,s
22,2022-08-29 14:45:00+05:30,38311.5,38327.9,38230.6,38252.6,0,51.7,3.1621765258983108,-6.0,-11.0,-27.0,38287.0,38279.0,,,,38358.7,38279.4,38200.2,s
23,2022-08-29 15:00:00+05:30,38251.45,38291.35,38211.1,38249.65,0,51.4,3.0415763869016597,-6.0,-11.0,-22.0,38278.0,38276.0,,,,38348.3,38274.5,38200.8,s
24,2022-08-29 15:15:00+05:30,38252.85,38358.25,38249.9,38346.85,0,60.0,7.015248763337502,17.0,-0.0,35.0,38295.0,38283.0,,,,38353.3,38275.7,38198.2,u
25,2022-08-30 09:15:00+05:30,38516.95,38757.15,38489.35,38731.5,0,77.2,22.740280446424936,60.0,45.0,77.0,38404.0,38325.0,,,,38512.2,38299.4,38086.7,u
26,2022-08-30 09:30:00+05:30,38728.35,38781.35,38708.15,38760.0,0,77.9,23.905400433342887,60.0,48.0,74.0,38493.0,38367.0,,,,38615.6,38325.8,38035.9,u
27,2022-08-30 09:45:00+05:30,38762.4,38787.75,38725.9,38744.75,0,76.5,23.281959036834156,56.0,48.0,69.0,38556.0,38403.0,,,,38687.9,38354.3,38020.6,u
28,2022-08-30 10:00:00+05:30,38745.75,38782.1,38734.25,38766.05,0,77.1,24.15273292179401,54.0,48.0,65.0,38609.0,38437.0,,,,38754.5,38380.6,38006.7,u
29,2022-08-30 10:15:00+05:30,38766.25,38768.4,38719.8,38741.05,0,74.5,23.13069784555019,50.0,45.0,54.0,38642.0,38466.0,,,,38805.3,38404.9,38004.5,u
30,2022-08-30 10:30:00+05:30,38741.7,38850.0,38728.9,38844.5,0,77.9,27.359878991046987,56.0,48.0,63.0,38692.0,38502.0,,,,38872.0,38433.3,37994.6,u
31,2022-08-30 10:45:00+05:30,38849.2,38908.8,38833.25,38867.95,0,78.5,28.318547892563572,54.0,52.0,61.0,38736.0,38537.0,,,,38933.7,38463.0,37992.3,u
32,2022-08-30 11:00:00+05:30,38869.5,38914.7,38851.8,38910.15,0,79.7,30.043743101263313,54.0,50.0,61.0,38780.0,38573.0,,,,38996.6,38492.2,37987.9,u
33,2022-08-30 11:15:00+05:30,38909.7,38924.0,38868.6,38881.2,0,76.6,28.860226482972795,50.0,50.0,45.0,38805.0,38602.0,,,,39043.8,38522.3,38000.8,u
34,2022-08-30 11:30:00+05:30,38882.65,38891.05,38842.1,38889.85,0,76.9,29.213850619353217,50.0,52.0,42.0,38826.0,38629.0,,,,39084.3,38553.7,38023.0,u
35,2022-08-30 11:45:00+05:30,38890.7,38928.7,38879.5,38910.45,0,77.6,30.056007522178056,48.0,52.0,42.0,38847.0,38656.0,,,,39120.5,38586.2,38051.9,u
36,2022-08-30 12:00:00+05:30,38909.6,38957.45,38909.6,38952.35,0,79.0,31.768938309962756,48.0,52.0,45.0,38874.0,38684.0,,,,39158.5,38619.1,38079.8,u
37,2022-08-30 12:15:00+05:30,38951.75,39043.75,38932.65,39022.6,0,81.2,34.640856874207884,52.0,56.0,58.0,38911.0,38717.0,,,,39202.0,38654.6,38107.2,u
38,2022-08-30 12:30:00+05:30,39023.25,39064.4,39005.05,39047.0,0,81.9,35.63836310862191,52.0,56.0,54.0,38945.0,38748.0,,,,39239.2,38692.1,38145.0,u
39,2022-08-30 12:45:00+05:30,39046.4,39148.35,39043.9,39143.75,0,84.4,39.59363885368548,58.0,60.0,63.0,38995.0,38786.0,,,,39287.3,38732.7,38178.0,u
40,2022-08-30 13:00:00+05:30,39144.8,39196.0,39121.4,39154.15,0,84.7,40.018805445402975,54.0,61.0,58.0,39034.0,38821.0,,,,39319.0,38776.4,38233.9,u
41,2022-08-30 13:15:00+05:30,39153.55,39203.85,39134.55,39180.0,0,85.3,41.07558971423902,54.0,61.0,56.0,39071.0,38855.0,,,,39345.4,38819.8,38294.2,u
42,2022-08-30 13:30:00+05:30,39182.05,39257.7,39181.95,39250.45,0,86.8,43.955684559093974,56.0,63.0,61.0,39116.0,38893.0,,,,39358.6,38869.7,38380.8,u
43,2022-08-30 13:45:00+05:30,39254.0,39325.5,39226.55,39244.5,0,86.0,43.71244021094807,54.0,63.0,54.0,39148.0,38926.0,,,,39344.1,38919.5,38494.8,u
44,2022-08-30 14:00:00+05:30,39246.95,39273.3,39182.75,39262.75,0,86.4,44.458525816606056,52.0,62.0,48.0,39177.0,38958.0,,,,39325.7,38965.2,38604.8,u
45,2022-08-30 14:15:00+05:30,39263.35,39358.9,39260.55,39341.9,0,88.1,47.69428886799404,56.0,50.0,60.0,39218.0,38995.0,,,,39374.8,38995.8,38616.7,u
46,2022-08-30 14:30:00+05:30,39343.5,39386.1,39313.45,39365.95,0,88.6,48.677486611340406,54.0,52.0,56.0,39255.0,39030.0,,,,39421.4,39026.1,38630.7,u
47,2022-08-30 14:45:00+05:30,39365.9,39448.2,39365.3,39413.65,0,89.5,50.627529536813796,56.0,52.0,60.0,39295.0,39067.0,,,,39467.0,39059.5,38652.0,u
48,2022-08-30 15:00:00+05:30,39416.05,39603.95,39413.6,39529.7,0,91.3,55.37181636073741,61.0,58.0,67.0,39353.0,39111.0,,,,39530.4,39097.7,38665.0,u
49,2022-08-30 15:15:00+05:30,39529.25,39597.9,39506.6,39520.35,0,89.9,54.98957524222229,58.0,58.0,60.0,39395.0,39150.0,38670.0,,,39574.2,39136.7,38699.2,u
50,2022-09-01 09:15:00+05:30,38806.7,39246.3,38806.7,39238.25,0,61.2,43.45693144188711,22.0,39.0,-58.0,39356.0,39158.0,38692.0,,,39574.5,39156.3,38738.2,u
51,2022-09-01 09:30:00+05:30,39237.65,39448.6,39209.15,39448.6,0,69.1,52.05633457340253,48.0,50.0,42.0,39379.0,39186.0,38722.0,,,39600.0,39185.4,38770.7,u
52,2022-09-01 09:45:00+05:30,39447.75,39558.5,39317.5,39411.4,0,66.6,50.535546379951846,42.0,45.0,17.0,39387.0,39207.0,38749.0,,,39616.0,39210.4,38804.9,u
53,2022-09-01 10:00:00+05:30,39412.35,39628.85,39411.35,39591.95,0,72.0,57.916683700584514,56.0,56.0,65.0,39438.0,39244.0,38782.0,,,39654.5,39246.0,38837.5,u
54,2022-09-01 10:15:00+05:30,39586.95,39666.55,39548.35,39655.75,0,73.7,60.52491721515886,58.0,56.0,67.0,39493.0,39283.0,38816.0,,,39695.6,39284.3,38872.9,u
55,2022-09-01 10:30:00+05:30,39656.55,39662.75,39452.45,39546.7,0,66.5,56.06680021258321,45.0,52.0,27.0,39506.0,39308.0,38845.0,,,39704.7,39316.1,38927.5,u
56,2022-09-01 10:45:00+05:30,39544.75,39587.75,39507.25,39566.7,0,67.1,56.884428273578266,45.0,52.0,31.0,39521.0,39333.0,38873.0,,,39711.9,39346.8,38981.7,u
57,2022-09-01 11:00:00+05:30,39566.9,39573.75,39464.8,39554.3,0,66.3,56.37749887576157,42.0,48.0,22.0,39530.0,39354.0,38900.0,,,39717.0,39373.4,39029.8,u
58,2022-09-01 11:15:00+05:30,39548.25,39634.7,39543.45,39583.2,0,67.3,57.55897142389919,42.0,48.0,27.0,39543.0,39376.0,38926.0,,,39720.7,39400.2,39079.7,u
59,2022-09-01 11:30:00+05:30,39583.7,39603.0,39522.15,39539.75,0,64.2,55.78267446138755,31.0,39.0,-0.0,39542.0,39391.0,38951.0,,,39723.1,39420.0,39116.9,u
60,2022-09-01 11:45:00+05:30,39539.95,39539.95,39330.25,39382.9,0,54.3,49.3704263930339,-0.0,27.0,-58.0,39502.0,39391.0,38967.0,,,39709.8,39431.4,39153.1,s
61,2022-09-01 12:00:00+05:30,39385.05,39514.05,39358.9,39479.35,0,58.5,53.313437717182424,17.0,31.0,-17.0,39497.0,39399.0,38988.0,,,39700.2,39446.4,39192.6,u
62,2022-09-01 12:15:00+05:30,39480.25,39487.35,39405.65,39416.7,0,55.0,50.75221781611536,6.0,17.0,-39.0,39477.0,39401.0,39004.0,,,39692.7,39454.7,39216.7,s
63,2022-09-01 12:30:00+05:30,39415.15,39456.4,39383.55,39454.25,0,56.7,52.2873145006337,11.0,22.0,-11.0,39471.0,39406.0,39022.0,,,39682.8,39465.2,39247.6,u
64,2022-09-01 12:45:00+05:30,39454.65,39485.4,39333.0,39347.85,0,50.8,47.93753321613995,-11.0,11.0,-52.0,39440.0,39400.0,39035.0,,,39674.0,39469.5,39264.9,d
65,2022-09-01 13:00:00+05:30,39340.35,39371.75,39247.55,39292.75,0,48.1,45.684967908098635,-22.0,-6.0,-56.0,39403.0,39390.0,39045.0,,,39678.7,39467.0,39255.3,d
66,2022-09-01 13:15:00+05:30,39292.75,39423.15,39265.1,39342.7,0,50.7,47.72699399043366,-11.0,-0.0,-31.0,39388.0,39386.0,39057.0,,,39680.0,39465.8,39251.7,d
67,2022-09-01 13:30:00+05:30,39342.4,39372.7,39228.3,39293.1,0,48.1,45.69927639916599,-22.0,-17.0,-45.0,39364.0,39377.0,39066.0,,,39685.9,39459.8,39233.7,d
68,2022-09-01 13:45:00+05:30,39291.25,39295.6,39057.0,39064.05,0,38.3,36.335391030620315,-50.0,-42.0,-72.0,39289.0,39347.0,39066.0,,,39718.1,39436.5,39154.9,d
69,2022-09-01 14:00:00+05:30,39064.2,39199.8,38981.0,39146.4,0,42.8,39.70197457176739,-39.0,-39.0,-54.0,39254.0,39328.0,39069.0,,,39723.3,39417.8,39112.3,d
70,2022-09-01 14:15:00+05:30,39143.4,39214.3,39053.3,39166.75,0,43.9,40.533911123829796,-31.0,-6.0,-42.0,39232.0,39313.0,39073.0,,,39729.6,39414.3,39098.9,d
71,2022-09-01 14:30:00+05:30,39165.3,39375.05,39161.55,39309.05,0,50.9,46.35133477780972,-0.0,-17.0,39.0,39251.0,39312.0,39082.0,,,39725.4,39407.3,39089.1,s
72,2022-09-01 14:45:00+05:30,39305.7,39324.3,39166.65,39258.2,0,48.6,44.272515432729556,-11.0,-17.0,6.0,39253.0,39307.0,39089.0,,,39724.3,39399.6,39074.9,d
73,2022-09-01 15:00:00+05:30,39255.65,39388.3,39160.95,39330.4,0,52.0,47.22415273292188,6.0,-31.0,35.0,39272.0,39309.0,39098.0,,,39700.1,39386.5,39073.0,s
74,2022-09-01 15:15:00+05:30,39326.5,39360.3,39278.85,39345.8,0,52.7,47.853726339888134,6.0,-31.0,39.0,39291.0,39313.0,39108.0,,,39659.5,39371.0,39082.6,s
75,2022-09-02 09:15:00+05:30,39422.3,39594.4,39313.5,39326.3,0,51.6,47.056538980417955,6.0,-27.0,22.0,39300.0,39314.0,39117.0,,,39637.4,39360.0,39082.7,s
76,2022-09-02 09:30:00+05:30,39326.0,39370.75,39203.4,39335.85,0,52.1,47.44695637954292,-0.0,-22.0,17.0,39309.0,39316.0,39125.0,,,39609.2,39348.5,39087.8,s
77,2022-09-02 09:45:00+05:30,39342.65,39436.3,39229.8,39270.55,0,48.4,44.777400760394244,-6.0,-31.0,-22.0,39299.0,39312.0,39131.0,,,39579.1,39334.3,39089.5,s
78,2022-09-02 10:00:00+05:30,39268.2,39317.05,39205.05,39260.3,0,47.9,44.35836637913428,-11.0,-35.0,-22.0,39289.0,39307.0,39136.0,,,39536.3,39318.2,39100.0,d
79,2022-09-02 10:15:00+05:30,39260.1,39370.7,39214.5,39350.1,0,53.1,48.02951637300189,6.0,-22.0,35.0,39305.0,39311.0,39144.0,,,39502.6,39308.7,39114.8,s
80,2022-09-02 10:30:00+05:30,39349.55,39380.35,39296.85,39359.25,0,53.6,48.403581210907184,11.0,-0.0,27.0,39318.0,39316.0,39153.0,,,39499.8,39307.5,39115.1,u
81,2022-09-02 10:45:00+05:30,39359.75,39375.0,39264.3,39292.55,0,49.4,45.6767916274888,-6.0,-22.0,-11.0,39312.0,39313.0,39158.0,,,39473.6,39298.1,39122.7,s
82,2022-09-02 11:00:00+05:30,39293.4,39347.65,39251.8,39315.1,0,50.8,46.59866726626055,-0.0,-11.0,-0.0,39313.0,39314.0,39164.0,,,39460.2,39293.1,39125.9,s
83,2022-09-02 11:15:00+05:30,39319.8,39331.85,39270.8,39287.45,0,49.0,45.46829647193483,-6.0,-17.0,-17.0,39306.0,39311.0,39169.0,,,39434.6,39284.7,39134.9,s
84,2022-09-02 11:30:00+05:30,39284.3,39314.35,39216.4,39307.8,0,50.4,46.30023302399753,-0.0,-6.0,6.0,39307.0,39311.0,39175.0,,,39430.2,39282.7,39135.2,s
85,2022-09-02 11:45:00+05:30,39307.95,39334.2,39282.85,39305.1,0,50.2,46.18985323576302,-0.0,-0.0,-6.0,39306.0,39310.0,39180.0,,,39431.1,39283.3,39135.6,s
86,2022-09-02 12:00:00+05:30,39306.65,39365.25,39288.5,39346.3,0,53.2,47.87416704141301,6.0,-0.0,22.0,39316.0,39314.0,39186.0,,,39431.6,39283.5,39135.5,s
87,2022-09-02 12:15:00+05:30,39344.05,39404.95,39344.05,39398.4,0,56.7,50.00408814030507,22.0,11.0,42.0,39337.0,39322.0,39195.0,,,39445.1,39288.8,39132.5,u
88,2022-09-02 12:30:00+05:30,39397.45,39427.5,39352.35,39411.9,0,57.6,50.55598708147673,17.0,35.0,39.0,39356.0,39330.0,39203.0,,,39433.3,39306.2,39179.1,u
89,2022-09-02 12:45:00+05:30,39411.9,39455.65,39385.5,39427.75,0,58.7,51.20395731981525,22.0,31.0,35.0,39374.0,39340.0,39212.0,,,39435.2,39320.2,39205.3,u
90,2022-09-02 13:00:00+05:30,39429.9,39463.55,39403.8,39460.2,0,60.9,52.530558848779606,27.0,31.0,42.0,39395.0,39351.0,39222.0,,,39442.4,39334.9,39227.4,u
91,2022-09-02 13:15:00+05:30,39462.5,39503.7,39447.55,39461.6,0,61.0,52.58779281304932,22.0,17.0,35.0,39412.0,39362.0,39231.0,,,39462.5,39342.5,39222.6,u
92,2022-09-02 13:30:00+05:30,39460.2,39479.05,39380.15,39416.3,0,56.2,50.73586525489569,11.0,17.0,-0.0,39413.0,39367.0,39238.0,,,39468.0,39350.5,39232.9,u
93,2022-09-02 13:45:00+05:30,39416.2,39480.1,39402.6,39453.05,0,59.0,52.23825681697411,17.0,17.0,22.0,39423.0,39375.0,39247.0,,,39481.8,39356.6,39231.3,u
94,2022-09-02 14:00:00+05:30,39456.6,39559.25,39452.5,39548.0,0,65.3,56.11994603654801,35.0,22.0,52.0,39454.0,39392.0,39259.0,,,39517.0,39366.7,39216.4,u
95,2022-09-02 14:15:00+05:30,39548.45,39570.35,39481.7,39510.65,0,61.3,54.5930256326398,27.0,22.0,31.0,39468.0,39403.0,39269.0,,,39537.3,39375.9,39214.5,u
96,2022-09-02 14:30:00+05:30,39509.55,39523.5,39399.15,39414.8,0,52.5,50.67454315032107,-0.0,6.0,-31.0,39455.0,39404.0,39274.0,,,39541.0,39379.9,39218.7,s
97,2022-09-02 14:45:00+05:30,39413.65,39414.25,39333.45,39357.75,0,48.1,48.342259106332556,-6.0,11.0,-45.0,39431.0,39400.0,39278.0,,,39537.9,39384.2,39230.6,s
98,2022-09-02 15:00:00+05:30,39373.85,39485.5,39316.4,39465.55,0,55.7,52.74927435509602,11.0,22.0,22.0,39439.0,39406.0,39285.0,,,39540.9,39394.5,39248.0,u
99,2022-09-02 15:15:00+05:30,39467.1,39514.15,39357.25,39375.0,0,49.2,49.04746330894079,-6.0,6.0,-35.0,39423.0,39403.0,39288.0,39027.0,,39541.0,39395.7,39250.4,s
100,2022-09-05 09:15:00+05:30,39412.05,39725.55,39412.05,39674.25,0,64.1,61.28122317157928,45.0,31.0,69.0,39486.0,39429.0,39304.0,39040.0,,39599.6,39411.5,39223.4,u
101,2022-09-05 09:30:00+05:30,39675.45,39763.4,39672.2,39699.15,0,65.0,62.29917010751819,48.0,42.0,66.0,39539.0,39455.0,39319.0,39053.0,,39649.6,39431.8,39214.0,u
102,2022-09-05 09:45:00+05:30,39701.05,39732.15,39599.15,39694.65,0,64.7,62.11520379379431,42.0,35.0,58.0,39578.0,39477.0,39334.0,39066.0,,39689.7,39450.8,39211.8,u
103,2022-09-05 10:00:00+05:30,39694.1,39811.5,39676.95,39788.15,0,68.2,65.93761497894619,50.0,48.0,65.0,39631.0,39507.0,39352.0,39080.0,,39744.2,39475.8,39207.5,u
104,2022-09-05 10:15:00+05:30,39785.3,39822.8,39768.85,39790.7,0,68.3,66.04186255672286,48.0,45.0,58.0,39671.0,39534.0,39369.0,39094.0,,39789.6,39500.0,39210.4,u
105,2022-09-05 10:30:00+05:30,39789.5,39795.1,39706.0,39718.15,0,62.7,63.07591676546349,39.0,39.0,27.0,39683.0,39552.0,39383.0,39106.0,,39810.6,39520.6,39230.6,u
106,2022-09-05 10:45:00+05:30,39721.9,39806.35,39717.75,39735.75,0,63.5,63.79542945913907,35.0,39.0,31.0,39696.0,39569.0,39396.0,39119.0,,39832.9,39540.1,39247.2,u
107,2022-09-05 11:00:00+05:30,39735.25,39774.85,39712.6,39748.2,0,64.1,64.30440292710837,35.0,35.0,27.0,39709.0,39586.0,39410.0,39131.0,,39856.2,39557.6,39259.0,u
108,2022-09-05 11:15:00+05:30,39745.4,39754.45,39691.85,39705.1,0,60.5,62.542414455664094,22.0,31.0,-0.0,39708.0,39597.0,39422.0,39143.0,,39869.6,39572.2,39274.9,u
109,2022-09-05 11:30:00+05:30,39708.25,39748.15,39683.1,39733.35,0,62.0,63.697314091819614,31.0,31.0,11.0,39714.0,39610.0,39434.0,39154.0,,39885.0,39587.5,39290.0,u
110,2022-09-05 11:45:00+05:30,39729.8,39775.0,39727.15,39753.4,0,63.1,64.51698622296726,27.0,31.0,22.0,39724.0,39624.0,39447.0,39166.0,,39902.0,39602.2,39302.3,u
111,2022-09-05 12:00:00+05:30,39754.55,39807.0,39734.65,39797.35,0,65.4,66.31372388700379,35.0,35.0,39.0,39742.0,39641.0,39460.0,39179.0,,39923.0,39619.0,39314.9,u
112,2022-09-05 12:15:00+05:30,39795.25,39852.05,39793.05,39828.0,0,66.9,67.56673889047876,35.0,42.0,39.0,39764.0,39658.0,39475.0,39192.0,,39941.7,39639.6,39337.4,u
113,2022-09-05 12:30:00+05:30,39828.55,39862.0,39815.55,39823.25,0,66.4,67.37255222599244,35.0,35.0,31.0,39779.0,39674.0,39488.0,39204.0,,39957.6,39658.1,39358.6,u
114,2022-09-05 12:45:00+05:30,39823.1,39855.25,39801.95,39820.7,0,66.1,67.26830464821545,27.0,31.0,27.0,39789.0,39688.0,39501.0,39216.0,,39974.7,39671.7,39368.7,u
115,2022-09-05 13:00:00+05:30,39821.6,39844.7,39774.75,39784.15,0,62.1,65.77408936674716,22.0,27.0,-6.0,39788.0,39697.0,39512.0,39228.0,,39982.7,39685.4,39388.0,u
116,2022-09-05 13:15:00+05:30,39784.65,39818.15,39768.05,39818.15,0,64.3,67.16405707043876,27.0,42.0,17.0,39795.0,39709.0,39524.0,39239.0,,39980.6,39705.5,39430.4,u
117,2022-09-05 13:30:00+05:30,39815.35,39826.25,39725.55,39737.6,0,56.0,63.87106005478106,6.0,35.0,-31.0,39781.0,39711.0,39533.0,39249.0,,39948.7,39724.5,39500.4,s
118,2022-09-05 13:45:00+05:30,39738.65,39841.75,39730.45,39815.2,0,61.2,67.0434569314418,22.0,39.0,22.0,39790.0,39721.0,39544.0,39260.0,,39935.0,39742.0,39549.0,u
119,2022-09-05 14:00:00+05:30,39816.05,39853.65,39799.85,39825.9,0,61.8,67.48088794407434,22.0,42.0,22.0,39799.0,39731.0,39555.0,39272.0,,39863.0,39764.6,39666.1,u
120,2022-09-05 14:15:00+05:30,39821.4,39852.85,39776.15,39834.65,0,62.4,67.83860022075969,22.0,17.0,17.0,39808.0,39741.0,39566.0,39283.0,,39866.3,39772.6,39678.9,u
121,2022-09-05 14:30:00+05:30,39837.85,39855.15,39767.8,39812.45,0,60.0,66.93103307305499,17.0,11.0,6.0,39809.0,39748.0,39576.0,39293.0,,39867.1,39778.2,39689.4,u
122,2022-09-05 14:45:00+05:30,39812.05,39838.35,39784.0,39795.6,0,58.1,66.24218143166671,11.0,11.0,-11.0,39806.0,39752.0,39584.0,39303.0,,39863.6,39783.3,39702.9,u
123,2022-09-05 15:00:00+05:30,39798.55,39847.05,39790.15,39815.5,0,59.7,67.05572135235685,11.0,6.0,11.0,39808.0,39758.0,39593.0,39313.0,,39866.2,39784.7,39703.1,u
124,2022-09-05 15:15:00+05:30,39815.4,39820.2,39754.45,39754.45,0,53.0,64.55991169616934,-0.0,-6.0,-31.0,39795.0,39758.0,39600.0,39322.0,,39865.4,39782.8,39700.3,s
125,2022-09-06 09:15:00+05:30,39892.95,40071.0,39874.55,39899.05,0,63.4,70.47136257716382,31.0,22.0,48.0,39821.0,39772.0,39611.0,39333.0,,39883.3,39791.9,39700.5,u
126,2022-09-06 09:30:00+05:30,39895.0,39899.25,39761.15,39828.9,0,56.8,67.6035321532236,11.0,11.0,6.0,39823.0,39777.0,39620.0,39343.0,,39885.5,39796.5,39707.6,u
127,2022-09-06 09:45:00+05:30,39827.05,39860.4,39781.8,39850.45,0,58.3,68.48452638894558,17.0,11.0,11.0,39830.0,39784.0,39629.0,39353.0,,39890.6,39801.7,39712.7,u
128,2022-09-06 10:00:00+05:30,39855.05,39855.3,39741.35,39747.5,0,49.8,64.27578594497368,-11.0,6.0,-39.0,39809.0,39781.0,39634.0,39361.0,,39885.1,39803.8,39722.4,d
129,2022-09-06 10:15:00+05:30,39744.45,39745.0,39567.5,39602.3,0,40.7,58.33980622214969,-35.0,-17.0,-65.0,39757.0,39764.0,39632.0,39366.0,,39913.7,39797.2,39680.7,d
130,2022-09-06 10:30:00+05:30,39603.3,39677.55,39593.45,39650.75,0,44.4,60.320510199910096,-22.0,-11.0,-48.0,39731.0,39753.0,39633.0,39371.0,,39923.9,39792.1,39660.3,d
131,2022-09-06 10:45:00+05:30,39651.5,39735.0,39639.7,39729.1,0,49.7,63.523568128858166,-6.0,-6.0,-0.0,39730.0,39751.0,39637.0,39379.0,,39923.3,39788.7,39654.1,s
132,2022-09-06 11:00:00+05:30,39728.6,39803.05,39711.15,39800.75,0,54.1,66.45272065737299,11.0,-6.0,35.0,39748.0,39755.0,39643.0,39387.0,,39920.9,39787.3,39653.8,u
133,2022-09-06 11:15:00+05:30,39799.25,39822.2,39754.0,39770.15,0,52.0,65.20174972405063,6.0,-6.0,11.0,39753.0,39757.0,39648.0,39395.0,,39917.3,39784.7,39652.0,s
134,2022-09-06 11:30:00+05:30,39769.75,39852.5,39760.5,39851.95,0,56.8,68.54584849352023,17.0,6.0,45.0,39778.0,39766.0,39656.0,39404.0,,39921.3,39786.2,39651.2,u
135,2022-09-06 11:45:00+05:30,39852.85,39956.05,39821.6,39944.25,0,61.4,72.31920199501252,35.0,17.0,60.0,39820.0,39783.0,39668.0,39414.0,,39945.8,39794.2,39642.7,u
136,2022-09-06 12:00:00+05:30,39951.9,39962.1,39891.15,39907.8,0,58.7,70.82907485384915,27.0,11.0,42.0,39842.0,39795.0,39677.0,39424.0,,39958.0,39798.7,39639.5,u
137,2022-09-06 12:15:00+05:30,39907.3,39956.45,39906.25,39948.95,0,60.8,72.51134458934622,31.0,22.0,48.0,39869.0,39809.0,39688.0,39434.0,,39978.6,39809.3,39639.9,u
138,2022-09-06 12:30:00+05:30,39948.35,39988.0,39935.55,39977.0,0,62.2,73.65806794489191,35.0,17.0,48.0,39896.0,39825.0,39699.0,39445.0,,40001.9,39817.4,39632.9,u
139,2022-09-06 12:45:00+05:30,39976.2,39982.4,39877.05,39943.75,0,59.5,72.29876129348763,22.0,17.0,27.0,39908.0,39837.0,39709.0,39455.0,,40015.8,39823.3,39630.7,u
140,2022-09-06 13:00:00+05:30,39942.5,39947.35,39847.0,39878.6,0,54.5,69.63533788479619,11.0,6.0,-17.0,39900.0,39841.0,39715.0,39463.0,,40019.5,39825.5,39631.4,u
141,2022-09-06 13:15:00+05:30,39878.7,39899.1,39849.2,39871.65,0,54.0,69.35121213360053,6.0,6.0,-17.0,39893.0,39844.0,39721.0,39472.0,,40023.4,39828.4,39633.5,s
142,2022-09-06 13:30:00+05:30,39873.9,39929.3,39807.35,39848.1,0,52.1,68.38845509177874,-0.0,6.0,-22.0,39882.0,39844.0,39726.0,39479.0,,40025.6,39831.0,39636.5,s
143,2022-09-06 13:45:00+05:30,39852.45,39892.55,39758.2,39869.95,0,53.7,69.28171374841577,6.0,6.0,-11.0,39879.0,39846.0,39732.0,39487.0,,40028.9,39833.8,39638.7,s
144,2022-09-06 14:00:00+05:30,39870.15,39878.9,39820.45,39834.9,0,50.8,67.84882057152211,-0.0,11.0,-22.0,39868.0,39845.0,39736.0,39494.0,,40029.5,39837.8,39646.1,s
145,2022-09-06 14:15:00+05:30,39836.05,39854.4,39774.55,39831.95,0,50.6,67.72822043252516,-6.0,-11.0,-22.0,39859.0,39844.0,39740.0,39500.0,,40024.0,39834.4,39644.8,s
146,2022-09-06 14:30:00+05:30,39833.75,39833.75,39632.3,39633.55,0,37.5,59.61735006745447,-39.0,-22.0,-67.0,39803.0,39824.0,39736.0,39503.0,,40033.6,39824.7,39615.8,d
147,2022-09-06 14:45:00+05:30,39635.75,39710.6,39617.4,39662.7,0,39.9,60.80904296635452,-31.0,-22.0,-54.0,39768.0,39809.0,39733.0,39506.0,,40035.3,39815.3,39595.3,d
148,2022-09-06 15:00:00+05:30,39660.55,39747.65,39631.95,39666.6,0,40.3,60.96848043824862,-31.0,-6.0,-45.0,39742.0,39795.0,39730.0,39509.0,,40038.9,39811.2,39583.6,d
149,2022-09-06 15:15:00+05:30,39667.75,39689.85,39624.65,39673.3,0,40.9,61.24238583868213,-27.0,6.0,-35.0,39725.0,39784.0,39728.0,39513.0,,40031.3,39814.8,39598.3,d
150,2022-09-07 09:15:00+05:30,39337.75,39492.8,39310.05,39408.6,0,28.4,50.42107845141243,-54.0,-27.0,-73.0,39646.0,39748.0,39715.0,39510.0,,40074.5,39802.7,39530.9,d
151,2022-09-07 09:30:00+05:30,39405.6,39419.25,39272.95,39400.95,0,28.1,50.108335718081754,-54.0,-31.0,-68.0,39585.0,39715.0,39703.0,39508.0,,40108.8,39786.3,39463.8,d
152,2022-09-07 09:45:00+05:30,39396.0,39417.15,39357.7,39387.0,0,27.6,49.53804014553783,-50.0,-42.0,-63.0,39535.0,39684.0,39691.0,39506.0,,40131.8,39765.6,39399.3,d
153,2022-09-07 10:00:00+05:30,39385.25,39493.35,39375.5,39447.45,0,33.3,52.009320959895255,-45.0,-31.0,-42.0,39513.0,39661.0,39681.0,39505.0,,40141.0,39749.4,39357.9,d
154,2022-09-07 10:15:00+05:30,39444.3,39462.15,39413.6,39448.55,0,33.4,52.05429050325022,-39.0,-42.0,-35.0,39497.0,39641.0,39672.0,39504.0,,40138.8,39729.3,39319.8,d
155,2022-09-07 10:30:00+05:30,39447.9,39459.7,39397.1,39411.7,0,31.6,50.5478108008666,-42.0,-48.0,-39.0,39476.0,39619.0,39662.0,39502.0,,40121.9,39702.7,39283.4,d
156,2022-09-07 10:45:00+05:30,39412.7,39442.75,39351.45,39359.9,0,29.3,48.43015412288958,-45.0,-48.0,-50.0,39447.0,39594.0,39650.0,39499.0,,40108.7,39675.3,39241.8,d
157,2022-09-07 11:00:00+05:30,39361.05,39397.55,39330.25,39338.25,0,28.4,47.545071746862384,-45.0,-50.0,-48.0,39420.0,39570.0,39638.0,39496.0,,40082.8,39644.7,39206.7,d
158,2022-09-07 11:15:00+05:30,39339.45,39390.95,39323.65,39376.25,0,32.5,49.09856506275298,-35.0,-52.0,-27.0,39409.0,39552.0,39627.0,39493.0,,40039.7,39614.7,39189.7,d
159,2022-09-07 11:30:00+05:30,39376.55,39440.75,39374.75,39430.3,0,37.9,51.30820489759223,-27.0,-45.0,11.0,39414.0,39540.0,39620.0,39492.0,,39992.9,39589.0,39185.1,d
160,2022-09-07 11:45:00+05:30,39430.65,39531.25,39418.15,39526.2,0,46.1,55.228731450063286,-6.0,-35.0,50.0,39442.0,39539.0,39616.0,39493.0,,39953.3,39571.4,39189.4,s
161,2022-09-07 12:00:00+05:30,39526.3,39536.05,39487.05,39506.05,0,44.8,54.40497117861101,-6.0,-39.0,31.0,39458.0,39536.0,39612.0,39493.0,,39910.0,39553.1,39196.2,s
162,2022-09-07 12:15:00+05:30,39506.9,39559.15,39466.45,39477.3,0,42.9,53.22963084093061,-11.0,-35.0,11.0,39463.0,39530.0,39606.0,39493.0,,39865.9,39534.6,39203.3,d
163,2022-09-07 12:30:00+05:30,39478.5,39513.1,39471.15,39477.05,0,42.8,53.21941049016817,-11.0,-39.0,11.0,39466.0,39525.0,39601.0,39493.0,,39808.8,39514.9,39221.0,d
164,2022-09-07 12:45:00+05:30,39477.15,39501.7,39448.5,39501.15,0,45.1,54.20465230366715,-6.0,-35.0,17.0,39475.0,39523.0,39597.0,39493.0,,39752.8,39498.2,39243.6,s
165,2022-09-07 13:00:00+05:30,39501.9,39520.95,39477.6,39500.6,0,45.1,54.18216753198967,-6.0,-35.0,17.0,39482.0,39521.0,39594.0,39493.0,,39685.3,39481.7,39278.1,s
166,2022-09-07 13:15:00+05:30,39500.35,39545.95,39496.5,39544.25,0,49.3,55.96664077511143,6.0,-11.0,31.0,39497.0,39523.0,39592.0,39494.0,,39671.0,39477.2,39283.5,s
167,2022-09-07 13:30:00+05:30,39544.3,39570.6,39519.7,39523.85,0,47.5,55.13266015289642,-0.0,-17.0,17.0,39504.0,39523.0,39589.0,39494.0,,39646.0,39470.3,39294.5,s
168,2022-09-07 13:45:00+05:30,39521.0,39526.7,39470.3,39519.6,0,47.1,54.95891418993497,-0.0,-17.0,11.0,39508.0,39523.0,39586.0,39495.0,,39616.1,39462.9,39309.7,s
169,2022-09-07 14:00:00+05:30,39519.8,39543.15,39490.65,39493.95,0,44.7,53.91030620170876,-6.0,-17.0,-11.0,39504.0,39520.0,39583.0,39495.0,,39574.3,39453.9,39333.6,s
170,2022-09-07 14:15:00+05:30,39493.8,39549.55,39490.7,39506.25,0,46.1,54.41314745922084,-6.0,11.0,6.0,39505.0,39519.0,39580.0,39495.0,,39579.3,39458.8,39338.3,s
171,2022-09-07 14:30:00+05:30,39507.1,39509.55,39398.95,39418.8,0,38.5,50.83806876252008,-22.0,-0.0,-42.0,39483.0,39509.0,39573.0,39494.0,,39578.8,39459.7,39340.7,d
172,2022-09-07 14:45:00+05:30,39419.0,39458.9,39384.05,39423.05,0,39.0,51.01181472548153,-17.0,6.0,-31.0,39468.0,39501.0,39568.0,39492.0,,39577.1,39461.5,39345.9,d
173,2022-09-07 15:00:00+05:30,39420.05,39470.3,39413.2,39437.15,0,40.8,51.588242508482985,-17.0,-0.0,-22.0,39460.0,39495.0,39562.0,39491.0,,39577.0,39461.0,39345.1,d
174,2022-09-07 15:15:00+05:30,39432.8,39508.2,39425.9,39457.65,0,43.5,52.42631127100291,-6.0,-0.0,-0.0,39460.0,39491.0,39558.0,39491.0,,39577.3,39461.5,39345.6,s
175,2022-09-08 09:15:00+05:30,39763.9,39856.45,39707.35,39836.35,0,70.0,67.90809860594413,52.0,42.0,76.0,39554.0,39524.0,39569.0,39497.0,,39680.7,39482.7,39284.6,u
176,2022-09-08 09:30:00+05:30,39839.2,39946.6,39834.25,39928.35,0,73.3,71.66918768652138,58.0,48.0,75.0,39648.0,39563.0,39583.0,39506.0,,39780.7,39511.1,39241.5,u
177,2022-09-08 09:45:00+05:30,39929.65,39955.55,39881.85,39923.9,0,72.9,71.4872654429501,54.0,50.0,70.0,39717.0,39597.0,39597.0,39514.0,,39852.4,39540.4,39228.4,u
178,2022-09-08 10:00:00+05:30,39923.1,39956.35,39900.45,39932.1,0,73.2,71.82249294795795,52.0,48.0,66.0,39770.0,39629.0,39610.0,39522.0,,39914.0,39568.2,39222.4,u
179,2022-09-08 10:15:00+05:30,39933.1,39987.45,39911.8,39939.1,0,73.5,72.10866276930624,50.0,48.0,60.0,39813.0,39658.0,39623.0,39531.0,,39968.7,39593.6,39218.5,u
180,2022-09-08 10:30:00+05:30,39938.65,39941.6,39880.65,39898.95,0,69.1,70.4672744368586,45.0,35.0,42.0,39834.0,39681.0,39634.0,39538.0,,40008.6,39612.3,39216.0,u
181,2022-09-08 10:45:00+05:30,39899.45,39927.7,39870.0,39920.05,0,70.1,71.32987204120862,42.0,42.0,42.0,39856.0,39704.0,39645.0,39546.0,,40047.7,39633.0,39218.2,u
182,2022-09-08 11:00:00+05:30,39920.05,39961.9,39913.2,39925.6,0,70.4,71.55676382813456,42.0,42.0,35.0,39873.0,39725.0,39656.0,39553.0,,40082.3,39655.4,39228.4,u
183,2022-09-08 11:15:00+05:30,39925.9,39941.35,39878.0,39941.35,0,71.2,72.20064592616818,39.0,45.0,35.0,39890.0,39746.0,39667.0,39561.0,,40114.6,39678.6,39242.6,u
184,2022-09-08 11:30:00+05:30,39941.5,39992.95,39923.3,39973.65,0,72.8,73.5211152446753,42.0,42.0,42.0,39911.0,39768.0,39679.0,39569.0,,40148.3,39702.2,39256.1,u
185,2022-09-08 11:45:00+05:30,39971.85,40042.6,39966.1,40042.6,0,75.9,76.33988798495564,48.0,48.0,52.0,39944.0,39794.0,39693.0,39578.0,,40188.8,39729.3,39269.9,u
186,2022-09-08 12:00:00+05:30,40040.85,40050.5,40000.7,40028.55,0,74.1,75.76550427210678,42.0,45.0,42.0,39965.0,39816.0,39706.0,39587.0,,40222.4,39753.5,39284.7,u
187,2022-09-08 12:15:00+05:30,40029.1,40047.6,40000.0,40044.8,0,74.8,76.42982707166527,42.0,48.0,39.0,39985.0,39838.0,39720.0,39596.0,,40252.4,39779.6,39306.8,u
188,2022-09-08 12:30:00+05:30,40045.5,40111.9,40029.5,40081.7,0,76.5,77.9383508442009,42.0,48.0,45.0,40009.0,39861.0,39734.0,39606.0,,40282.1,39807.7,39333.3,u
189,2022-09-08 12:45:00+05:30,40079.65,40085.75,39993.05,39993.05,0,65.2,74.31421446384057,27.0,48.0,-11.0,40005.0,39874.0,39744.0,39614.0,,40290.7,39832.6,39374.6,u
190,2022-09-08 13:00:00+05:30,40001.6,40031.65,39946.75,40013.1,0,66.4,75.13388659498791,31.0,45.0,6.0,40007.0,39887.0,39755.0,39621.0,,40296.7,39858.0,39419.3,u
191,2022-09-08 13:15:00+05:30,40011.45,40083.0,40009.4,40072.65,0,69.8,77.56837414660082,35.0,52.0,35.0,40024.0,39905.0,39767.0,39630.0,,40289.2,39890.7,39492.2,u
192,2022-09-08 13:30:00+05:30,40075.25,40077.1,40035.25,40064.0,0,68.7,77.2147500102204,31.0,52.0,22.0,40034.0,39920.0,39779.0,39639.0,,40264.7,39922.7,39580.8,u
193,2022-09-08 13:45:00+05:30,40066.0,40092.7,40010.05,40076.6,0,69.4,77.72985568864722,31.0,52.0,22.0,40044.0,39935.0,39790.0,39648.0,,40220.1,39954.7,39689.3,u
194,2022-09-08 14:00:00+05:30,40072.9,40148.6,40070.75,40119.2,0,71.8,79.47140345856663,35.0,54.0,39.0,40063.0,39952.0,39803.0,39657.0,,40136.3,39987.8,39839.3,u
195,2022-09-08 14:15:00+05:30,40120.8,40194.9,40108.7,40191.15,0,75.4,82.4128204079965,45.0,35.0,52.0,40095.0,39975.0,39819.0,39668.0,,40162.0,40005.5,39849.0,u
196,2022-09-08 14:30:00+05:30,40190.55,40260.65,40174.25,40224.65,0,76.9,83.78234741016323,42.0,31.0,52.0,40127.0,39999.0,39834.0,39679.0,,40199.3,40020.3,39841.4,u
197,2022-09-08 14:45:00+05:30,40228.35,40265.3,40210.3,40211.9,0,75.0,83.26110952127888,42.0,31.0,42.0,40149.0,40019.0,39849.0,39689.0,,40226.2,40034.7,39843.2,u
198,2022-09-08 15:00:00+05:30,40210.2,40233.05,40168.6,40192.7,0,72.2,82.47618658272346,35.0,31.0,22.0,40160.0,40036.0,39863.0,39699.0,,40244.9,40047.8,39850.6,u
199,2022-09-08 15:15:00+05:30,40191.8,40248.6,40184.55,40242.1,0,74.8,84.49572789338129,39.0,31.0,42.0,40180.0,40055.0,39878.0,39710.0,39397.0,40270.6,40062.9,39855.2,u
200,2022-09-09 09:15:00+05:30,40520.75,40602.65,40480.55,40587.05,0,85.2,98.59776787539366,63.0,54.0,76.0,40282.0,40106.0,39905.0,39727.0,39409.0,40393.9,40097.3,39800.7,u
201,2022-09-09 09:30:00+05:30,40585.9,40603.5,40453.8,40537.3,0,80.1,96.56391807366846,60.0,50.0,69.0,40346.0,40147.0,39930.0,39743.0,39420.0,40469.7,40128.2,39786.7,u
202,2022-09-09 09:45:00+05:30,40533.85,40574.5,40526.85,40570.0,0,80.9,97.90073995339526,60.0,54.0,67.0,40402.0,40187.0,39955.0,39760.0,39431.0,40538.9,40160.4,39781.9,u
203,2022-09-09 10:00:00+05:30,40569.6,40597.5,40554.45,40567.1,0,80.6,97.78218388455092,54.0,50.0,60.0,40443.0,40223.0,39979.0,39776.0,39443.0,40595.2,40191.7,39788.2,u
204,2022-09-09 10:15:00+05:30,40556.9,40638.75,40549.8,40619.45,0,82.0,99.92232533420541,58.0,54.0,61.0,40487.0,40261.0,40004.0,39792.0,39454.0,40655.0,40224.0,39793.0,u
205,2022-09-09 10:30:00+05:30,40622.25,40683.75,40589.95,40594.7,0,79.1,98.91051060872404,52.0,48.0,48.0,40514.0,40293.0,40028.0,39808.0,39466.0,40702.8,40251.6,39800.3,u
206,2022-09-09 10:45:00+05:30,40593.9,40628.55,40575.15,40621.35,0,79.9,100.0,52.0,50.0,48.0,40541.0,40324.0,40051.0,39824.0,39477.0,40747.6,40281.2,39814.9,u
207,2022-09-09 11:00:00+05:30,40619.35,40624.05,40539.15,40553.95,0,72.3,97.24459343444661,39.0,45.0,6.0,40544.0,40346.0,40071.0,39839.0,39488.0,40774.2,40306.7,39839.1,u
208,2022-09-09 11:15:00+05:30,40555.65,40600.7,40520.2,40597.7,0,74.1,99.0331548178733,45.0,48.0,31.0,40558.0,40370.0,40091.0,39854.0,39499.0,40804.5,40332.5,39860.5,u
209,2022-09-09 11:30:00+05:30,40597.4,40600.15,40524.95,40540.55,0,68.1,96.69678263358016,35.0,48.0,-11.0,40553.0,40386.0,40109.0,39867.0,39509.0,40813.0,40359.9,39906.7,u
210,2022-09-09 11:45:00+05:30,40542.95,40566.3,40525.9,40542.3,0,68.2,96.76832508891722,31.0,48.0,-6.0,40551.0,40401.0,40126.0,39881.0,39520.0,40816.6,40386.3,39956.0,u
211,2022-09-09 12:00:00+05:30,40544.6,40548.0,40466.6,40471.8,0,61.2,93.88618617390966,17.0,39.0,-39.0,40531.0,40408.0,40139.0,39893.0,39529.0,40812.9,40406.3,39999.6,u
212,2022-09-09 12:15:00+05:30,40471.05,40509.7,40416.6,40436.8,0,58.0,92.45533706716832,6.0,39.0,-45.0,40507.0,40411.0,40151.0,39903.0,39538.0,40800.1,40424.9,40049.8,s
213,2022-09-09 12:30:00+05:30,40438.2,40512.2,40426.45,40510.2,0,62.4,95.45603205101992,22.0,42.0,6.0,40508.0,40420.0,40165.0,39915.0,39548.0,40787.3,40446.6,40105.9,u
214,2022-09-09 12:45:00+05:30,40506.7,40512.3,40448.95,40465.5,0,58.4,93.6286333346961,11.0,35.0,-27.0,40497.0,40424.0,40177.0,39926.0,39557.0,40769.7,40463.9,40158.2,u
215,2022-09-09 13:00:00+05:30,40470.0,40482.3,40368.05,40371.0,0,50.9,89.76534074649447,-17.0,17.0,-52.0,40466.0,40419.0,40185.0,39935.0,39565.0,40755.8,40472.9,40190.1,d
216,2022-09-09 13:15:00+05:30,40374.1,40402.1,40281.0,40354.75,0,49.7,89.101017946936,-11.0,17.0,-48.0,40438.0,40413.0,40191.0,39943.0,39573.0,40744.6,40479.4,40214.3,d
217,2022-09-09 13:30:00+05:30,40354.65,40374.55,40307.2,40336.3,0,48.3,88.34675606066817,-17.0,17.0,-45.0,40413.0,40406.0,40197.0,39951.0,39580.0,40730.4,40485.6,40240.8,d
218,2022-09-09 13:45:00+05:30,40335.6,40444.1,40334.25,40427.85,0,55.0,92.08944850987285,6.0,22.0,6.0,40416.0,40408.0,40206.0,39961.0,39589.0,40704.5,40497.4,40290.3,s
219,2022-09-09 14:00:00+05:30,40426.45,40428.95,40381.05,40405.8,0,53.2,91.18801357262598,-0.0,22.0,-6.0,40414.0,40408.0,40214.0,39969.0,39597.0,40682.4,40505.6,40328.8,s
220,2022-09-09 14:15:00+05:30,40425.5,40429.65,40382.55,40423.55,0,54.5,91.9136584767591,-0.0,-22.0,6.0,40416.0,40409.0,40222.0,39978.0,39605.0,40673.5,40497.4,40321.3,s
221,2022-09-09 14:30:00+05:30,40424.35,40430.0,40383.9,40374.25,0,50.4,89.89820530640617,-6.0,-17.0,-22.0,40406.0,40406.0,40228.0,39986.0,39613.0,40672.2,40489.2,40306.3,s
